<?xml version="1.0" encoding="utf-8"?>
<odoo>
    <data noupdate="0">
<!-- Record Email Template -->
<!-- Record SMS Template -->
<!-- Record Mobile Template -->
<!-- Record Notifications -->
<!-- Record Master Data -->
        <record model="ir.sequence" id="seq_tcc_reserve_period_rp">
            <field name="name">Reserve Period</field>
            <field name="code">tcc.reserve_period</field>
            <field name="prefix">RP</field>
            <field name="padding">5</field>
            <field name="company_id" eval = "False" />
        </record>

        <record model="ir.sequence" id="seq_tcc_reserve_order_ro">
            <field name="name">Reserve Order</field>
            <field name="code">tcc.reserve_order</field>
            <field name="prefix">RO</field>
            <field name="padding">6</field>
            <field name="company_id" eval = "False" />
        </record>

<!-- Auto Schedule -->

    </data>
</odoo>
