<?xml version="1.0" encoding="utf-8"?>
<odoo>
    <data noupdate="0">
<!-- Users -->
<!-- Groups -->
   <record model="ir.module.category" id="security_category">
    <field name = "name">SmartBiz TCC</field>
    <field name = "description" >User Access level for TCC</field>
    <field name = "sequence" > 3 </field>
    </record>
        <record model="res.groups" id="smartbiz_tcc.group_roles_ban_hang___bao_cao_day_du_1">
            <field name="name">Bán hàng - Báo cáo đầy đủ</field>
            <field name="type">roles</field>
            <field name="category_id" ref="security_category"/>
        </record>

        <record model="res.groups" id="smartbiz_tcc.group_roles_ban_hang___xac_nhan_don_ban_2">
            <field name="name">Bán hàng - Xác nhận đơn bán</field>
            <field name="type">roles</field>
            <field name="category_id" ref="security_category"/>
        </record>

        <record model="res.groups" id="smartbiz_tcc.group_roles_cau_hinh_kho___chi_doc_3">
            <field name="name">Cấu hình kho - Chỉ đọc</field>
            <field name="type">roles</field>
            <field name="category_id" ref="security_category"/>
        </record>

        <record model="res.groups" id="smartbiz_tcc.group_roles_hoat_dong_kho___chi_doc_4">
            <field name="name">Hoạt động kho - Chỉ đọc</field>
            <field name="type">roles</field>
            <field name="category_id" ref="security_category"/>
        </record>

        <record model="res.groups" id="smartbiz_tcc.group_roles_hoat_dong_kho___xac_nhan_qc_5">
            <field name="name">Hoạt động kho - Xác nhận QC</field>
            <field name="type">roles</field>
            <field name="category_id" ref="security_category"/>
        </record>

        <record model="res.groups" id="smartbiz_tcc.group_roles_hoat_dong_kho___xac_nhan_xuat_hang_6">
            <field name="name">Hoạt động kho - Xác nhận xuất hàng</field>
            <field name="type">roles</field>
            <field name="category_id" ref="security_category"/>
        </record>

        <record model="res.groups" id="smartbiz_tcc.group_roles_kho___bao_cao_day_du_7">
            <field name="name">Kho - Báo cáo đầy đủ</field>
            <field name="type">roles</field>
            <field name="category_id" ref="security_category"/>
        </record>

        <record model="res.groups" id="smartbiz_tcc.group_roles_kiem_ke___duoc_phep_ap_dung_8">
            <field name="name">Kiểm kê - Được phép áp dụng</field>
            <field name="type">roles</field>
            <field name="category_id" ref="security_category"/>
        </record>

        <record model="res.groups" id="smartbiz_tcc.group_roles_lien_he___chi_doc_9">
            <field name="name">Liên hệ - Chỉ đọc</field>
            <field name="type">roles</field>
            <field name="category_id" ref="security_category"/>
        </record>

        <record model="res.groups" id="smartbiz_tcc.group_roles_mua_hang___phe_quyet_don_mua_10">
            <field name="name">Mua hàng - Phê quyệt đơn mua</field>
            <field name="type">roles</field>
            <field name="category_id" ref="security_category"/>
        </record>

        <record model="res.groups" id="smartbiz_tcc.group_roles_mua_hang___xac_nhan_don_mua_11">
            <field name="name">Mua hàng - Xác nhận đơn mua</field>
            <field name="type">roles</field>
            <field name="category_id" ref="security_category"/>
        </record>

        <record model="res.groups" id="smartbiz_tcc.group_roles_san_pham___chi_doc_12">
            <field name="name">Sản phẩm - Chỉ đọc</field>
            <field name="type">roles</field>
            <field name="category_id" ref="security_category"/>
        </record>

        <record model="res.groups" id="smartbiz_tcc.group_roles_kho___bao_cao_co_ban_13">
            <field name="name">Kho - Báo cáo cơ bản</field>
            <field name="type">roles</field>
            <field name="category_id" ref="security_category"/>
        </record>

        <record model="res.groups" id="smartbiz_tcc.group_roles_ban_hang___bao_cao_co_ban_14">
            <field name="name">Bán hàng - Báo cáo cơ bản</field>
            <field name="type">roles</field>
            <field name="category_id" ref="security_category"/>
        </record>

        <record model="res.groups" id="smartbiz_tcc.group_roles_giu_hang___user_15">
            <field name="name">Giữ hàng - User</field>
            <field name="type">roles</field>
            <field name="category_id" ref="security_category"/>
        </record>

        <record model="res.groups" id="smartbiz_tcc.group_roles_giu_hang___admin_16">
            <field name="name">Giữ hàng - Admin</field>
            <field name="type">roles</field>
            <field name="category_id" ref="security_category"/>
        </record>

        <record model="res.groups" id="smartbiz_tcc.group_roles_giu_hang___xac_nhan_don_17">
            <field name="name">Giữ hàng - Xác nhận đơn</field>
            <field name="type">roles</field>
            <field name="category_id" ref="security_category"/>
        </record>

        <record model="res.groups" id="smartbiz_tcc.group_roles_ban_hang___bao_cao_day_du_1">
            <field name="implied_ids" eval="[(6, 0, [ref('smartbiz_tcc.group_roles_ban_hang___bao_cao_co_ban_14'),])]"/>
        </record>

        <record model="res.groups" id="smartbiz_tcc.group_roles_kho___bao_cao_day_du_7">
            <field name="implied_ids" eval="[(6, 0, [ref('smartbiz_tcc.group_roles_kho___bao_cao_co_ban_13'),])]"/>
        </record>

<!-- Record Rules -->

    </data>
</odoo>
