<?xml version="1.0" encoding="UTF-8"?>
<templates xml:space="preserve">
    <t t-name="custom_stock_barcode.LineComponent" t-inherit="stock_barcode.LineComponent" t-inherit-mode="extension">
        <xpath expr="//div[hasclass('o_line_buttons')]" position="inside">      
            <button t-if="line.result_package_id" t-on-click="doPrint" class="o_line_button o_edit btn"
                    t-att-class="this.env.model.lineCanBeEdited(line) ? 'btn-secondary' : ''">
                <i class="fa fa-2x fa-print"/>
            </button>
        </xpath>
    </t>
    <t t-name="custom_stock_barcode.MainComponent" t-inherit="stock_barcode.MainComponent" t-inherit-mode="extension">
        <xpath expr="//div[@t-if=&quot;state.view === 'barcodeLines' &amp;&amp; env.model.canBeProcessed&quot;]" position="replace">   
            <div t-if="state.view === 'barcodeLines'" class="o_barcode_lines flex-grow-1">
                <t t-foreach="lines" t-as="line" t-key="line.virtual_id">
                    <GroupedLineComponent t-if="line.lines" line="line" displayUOM="groups.group_uom" editLine.bind="onOpenProductPage"/>
                    <LineComponent t-else="" line="line" displayUOM="groups.group_uom" editLine.bind="onOpenProductPage"/>
                </t>
                <t t-foreach="packageLines" t-as="line" t-key="line.virtual_id">
                    <PackageLineComponent line="line" displayUOM="false" openPackage.bind="onOpenPackage"/>
                </t>
            </div>
        </xpath>
    </t>
</templates>
